<Config>
    <append xpath="/blocks">
        <!--SinMod Starts Here-->
        <!--SinMod Admin Lobby Blocks-->
        <block name="adminGlassBulletproofMaster">
            <property name="Group" value="Building"/>
            <property name="CreativeMode" value="None"/>
            <property name="Material" value="Madmins"/>
            <property name="Shape" value="New"/>
            <property name="LightOpacity" value="2"/>
            <property name="Model" value="cube_glass"/>
            <property name="Mesh" value="transparent"/>
            <property name="Texture" value="333"/>
            <property name="Collide" value="movement,melee,bullet,arrow,rocket"/>
            <!-- If the MATERIAL is set to collidable (default) then ALL collision types = TRUE. Including sight. -->
            <property name="DescriptionKey" value="bulletproofGlassGroupDesc"/>
            <drop event="Harvest" name="resourceBrokenGlass" count="21" tag="allHarvest"/>
            <drop event="Destroy" count="0"/>
            <property name="EconomicValue" value="300"/>
            <property name="FilterTags" value="fbuilding,fdecor,fwindows"/>
            <property name="SortOrder1" value="7080"/>
            <property name="SortOrder2" value="0002"/>
        </block>
        <block name="adminConcreteNoUpgradeMaster">
            <property name="Group" value="Building"/>
            <property name="DescriptionKey" value="concreteNoUpgradeGroupDesc"/>
            <property name="DisplayType" value="blockHardened" />
            <property name="Material" value="Madmins"/>
            <property name="Texture" value="8"/>
            <!-- <property name="ImposterExchange" value="imposterBlock" param1="2"/> -->
            <property name="CreativeMode" value="None"/>
            <property class="RepairItems">
                <property name="resourceConcreteMix" value="1"/></property>
            <drop event="Harvest" name="resourceRockSmall" count="25" tag="allHarvest"/>
            <drop event="Destroy" count="0"/>
            <drop event="Fall" name="terrDestroyedStone" count="1" prob="0.75" stick_chance="1"/>
            <property name="EconomicValue" value="50"/>
            <property name="EconomicBundleSize" value="20"/>
            <property name="FilterTags" value="fbuilding,fconcrete"/>
        </block>
        <block name="adminConcreteMaster">
            <property name="Extends" value="adminConcreteNoUpgradeMaster"/>
            <property name="DescriptionKey" value="concreteGroupDesc"/>
            <!-- <property name="ImposterExchange" value="imposterBlock" param1="2"/> -->
            <property name="CreativeMode" value="None"/>
            <property class="UpgradeBlock">
                <property name="ToBlock" value="woodFrameBlock"/>
                <property name="Item" value="meleeToolAdmin"/>
                <property name="ItemCount" value="1"/>
                <property name="UpgradeHitCount" value="1"/>
            </property>
            <property name="CustomUpgradeSound" value="place_block_concrete"/>
        </block>
        <block name="adminConcreteRamp">
            <property name="Extends" value="adminConcreteMaster"/>
            <property name="CustomIcon" value="rConcreteRamp"/>
            <property name="CustomIconTint" value="ff0000"/>
            <property name="Shape" value="New"/>
            <property name="Model" value="ramp"/>
            <property name="Place" value="TowardsPlacerInverted"/>
            <property name="CreativeMode" value="Dev"/>
        </block>
        <block name="adminConcreteBlock">
            <property name="Extends" value="adminConcreteMaster"/>
            <property name="CustomIcon" value="rConcreteBlock"/>
            <property name="CustomIconTint" value="ff0000"/>
            <property name="Path" value="solid"/>
            <property name="CreativeMode" value="Dev"/>
        </block>
        <block name="adminConcreteCNRRound">
            <property name="Extends" value="adminConcreteMaster"/>
            <property name="CustomIcon" value="rConcreteCNRRound"/>
            <property name="CustomIconTint" value="ff0000"/>
            <property name="Shape" value="New"/>
            <property name="Path" value="solid"/>
            <property name="Model" value="corner_round1m"/>
            <property name="CreativeMode" value="Dev"/>
        </block>
        <block name="adminConcreteCNRRoundTop">
            <property name="Extends" value="adminConcreteMaster"/>
            <property name="CustomIcon" value="rConcreteCNRRoundTop"/>
            <property name="CustomIconTint" value="ff0000"/>
            <property name="Model" value="corner_rounded"/>
            <property name="CreativeMode" value="Dev"/>
        </block>
        <block name="adminConcreteStairs25">
            <property name="Extends" value="adminConcreteMaster"/>
            <property name="CustomIcon" value="rConcreteStairs25"/>
            <property name="CustomIconTint" value="ff0000"/>
            <property name="Shape" value="New"/>
            <property name="Model" value="StairsFilledVerticalUV"/>
            <property name="Place" value="TowardsPlacerInverted"/>
            <property name="UseGlobalUV" value="Global"/>
            <property name="Stairs"/>
            <property name="ImposterExchange" value="imposterRamp" param1="2"/>
            <property name="CreativeMode" value="Dev"/>
        </block>
        <block name="adminConcretePillar100">
            <property name="Extends" value="adminConcreteMaster"/>
            <property name="CustomIcon" value="rConcretePillar100"/>
            <property name="CustomIconTint" value="ff0000"/>
            <property name="Shape" value="New"/>
            <property name="Path" value="solid"/>
            <property name="Model" value="Pole1m"/>
            <property name="UseGlobalUV" value="Local"/>
            <property name="ImposterExchange" value="imposterBlock" param1="2"/>
            <property name="CreativeMode" value="Dev"/>
        </block>
        <block name="adminConcretePillar50">
            <property name="Extends" value="adminConcreteMaster"/>
            <property name="CustomIcon" value="rConcretePillar50"/>
            <property name="CustomIconTint" value="ff0000"/>
            <property name="Shape" value="New"/>
            <property name="LightOpacity" value="0"/>
            <property name="Path" value="solid"/>
            <property name="Model" value="Pole0.5m"/>
            <property name="UseGlobalUV" value="Local"/>
            <property name="ImposterDontBlock" value="true"/>
            <property name="ImposterExchange" value="imposterDontBlockCTRQuarter" param1="2"/>
            <property name="CreativeMode" value="Dev"/>
        </block>
        <block name="adminConcreteArch">
            <property name="Extends" value="adminConcreteMaster"/>
            <property name="CustomIcon" value="rConcreteArch"/>
            <property name="CustomIconTint" value="ff0000"/>
            <property name="Shape" value="New"/>
            <property name="Model" value="Arch"/>
            <property name="Place" value="TowardsPlacerInverted"/>
            <property name="CreativeMode" value="Dev"/>
        </block>
        <block name="adminConcreteStairs25CornerCNR">
            <property name="Extends" value="adminConcreteMaster"/>
            <property name="CustomIcon" value="rConcreteStairs25CornerCNR"/>
            <property name="CustomIconTint" value="ff0000"/>
            <property name="Shape" value="New"/>
            <property name="Model" value="stairs_filled_corner"/>
            <property name="Place" value="TowardsPlacerInverted"/>
            <property name="ImposterExchange" value="imposterCNRFull" param1="2"/>
            <property name="CreativeMode" value="Dev"/>
        </block>
        <block name="adminConcretePyramid">
            <property name="Extends" value="adminConcreteMaster"/>
            <property name="CustomIcon" value="rConcretePyramid"/>
            <property name="CustomIconTint" value="ff0000"/>
            <property name="Shape" value="New"/>
            <property name="Model" value="pyramid"/>
            <property name="Collide" value="movement,melee,bullet,arrow,rocket"/>
            <property name="CreativeMode" value="Dev"/>
        </block>
        <block name="adminConcreteCNRInside">
            <property name="Extends" value="adminConcreteMaster"/>
            <property name="CustomIcon" value="rConcreteCNRInside"/>
            <property name="CustomIconTint" value="ff0000"/>
            <property name="Shape" value="New"/>
            <property name="Path" value="solid"/>
            <property name="Model" value="ramp_inside_corner"/>
            <property name="CreativeMode" value="Dev"/>
        </block>
        <block name="adminConcreteCNRFull">
            <property name="Extends" value="adminConcreteMaster"/>
            <property name="CustomIcon" value="rConcreteCNRFull"/>
            <property name="CustomIconTint" value="ff0000"/>
            <property name="Shape" value="New"/>
            <property name="Model" value="ramp_outside_corner"/>
            <property name="CreativeMode" value="Dev"/>
        </block>
        <block name="adminConcreteWedgeIncline">
            <property name="Extends" value="adminConcreteMaster"/>
            <property name="CustomIcon" value="rConcreteWedgeIncline"/>
            <property name="CustomIconTint" value="ff0000"/>
            <property name="Shape" value="New"/>
            <property name="Model" value="wedge60_incline"/>
            <property name="Place" value="TowardsPlacerInverted"/>
            <property name="CreativeMode" value="Dev"/>
        </block>
        <block name="adminConcreteCTRPlate">
            <property name="Extends" value="adminConcreteMaster"/>
            <property name="CustomIcon" value="rConcreteCTRPlate"/>
            <property name="CustomIconTint" value="ff0000"/>
            <property name="Shape" value="New"/>
            <property name="Model" value="plate_centered"/>
            <property name="Place" value="TowardsPlacerInverted"/>
            <property name="CreativeMode" value="Dev"/>
        </block>
        <block name="adminConcreteWedgeTipCNRFullTop">
            <property name="Extends" value="adminConcreteMaster"/>
            <property name="CustomIcon" value="rConcreteWedgeTipCNRFullTop"/>
            <property name="CustomIconTint" value="ff0000"/>
            <property name="Shape" value="New"/>
            <property name="Model" value="wedge60_corner"/>
            <property name="Place" value="TowardsPlacerInverted"/>
            <property name="CreativeMode" value="Dev"/>
            <!-- SortShape -->
        </block>
        <block name="adminConcreteQuarter">
            <property name="Extends" value="adminConcreteMaster"/>
            <property name="CustomIcon" value="rConcreteQuarter"/>
            <property name="CustomIconTint" value="ff0000"/>
            <property name="Shape" value="New"/>
            <property name="LightOpacity" value="0"/>
            <property name="Model" value="cube_quarter"/>
            <property name="Collide" value="movement,melee,bullet,arrow,rocket"/>
            <property name="CreativeMode" value="Dev"/>
            <!-- SortShape -->
        </block>
        <block name="adminConcreteHalf">
            <property name="Extends" value="adminConcreteMaster"/>
            <property name="CustomIcon" value="rConcreteHalf"/>
            <property name="CustomIconTint" value="ff0000"/>
            <property name="Shape" value="New"/>
            <property name="Model" value="cube_half"/>
            <property name="CreativeMode" value="Dev"/>
            <!-- SortShape -->
        </block>
        <block name="adminConcreteHalfCentered">
            <property name="Extends" value="adminConcreteMaster"/>
            <property name="CustomIcon" value="concreteHalfCentered"/>
            <property name="CustomIconTint" value="ff0000"/>
            <property name="Shape" value="New"/>
            <property name="Model" value="cube_half_centered"/>
            <property name="DescriptionKey" value="shapeHalfCenteredGroupDesc"/>
            <property name="CreativeMode" value="Dev"/>
        </block>
        <block name="adminConcreteCNRRamp">
            <property name="Extends" value="adminConcreteMaster"/>
            <property name="CustomIcon" value="rConcreteCNRRamp"/>
            <property name="CustomIconTint" value="ff0000"/>
            <property name="Shape" value="New"/>
            <property name="LightOpacity" value="6"/>
            <property name="Model" value="ramp_corner"/>
            <property name="ImposterDontBlock" value="true"/>
            <property name="CreativeMode" value="Dev"/>
        </block>
        <block name="adminConcretePole">
            <property name="Extends" value="adminConcreteMaster"/>
            <property name="CustomIcon" value="rConcretePole"/>
            <property name="CustomIconTint" value="ff0000"/>
            <property name="Shape" value="New"/>
            <property name="LightOpacity" value="0"/>
            <property name="Model" value="pole_square"/>
            <property name="Collide" value="movement,melee,bullet,arrow,rocket"/>
            <property name="ImposterExclude" value="true"/>
            <property name="UseGlobalUV" value="Local"/>
            <property name="CreativeMode" value="Dev"/>
        </block>
        <block name="adminConcretePlate">
            <property name="Extends" value="adminConcreteMaster"/>
            <property name="CustomIcon" value="rConcretePlate"/>
            <property name="CustomIconTint" value="ff0000"/>
            <property name="Shape" value="New"/>
            <property name="Model" value="Plate"/>
            <property name="CreativeMode" value="Dev"/>
        </block>
        <block name="adminConcreteWedgeTipCNRFullBottom">
            <property name="Extends" value="adminConcreteMaster"/>
            <property name="CustomIcon" value="rConcreteWedgeTipCNRFullBottom"/>
            <property name="CustomIconTint" value="ff0000"/>
            <property name="Shape" value="New"/>
            <property name="Model" value="wedge60_tip_corner"/>
            <property name="Place" value="TowardsPlacerInverted"/>
            <property name="CreativeMode" value="Dev"/>
        </block>
        <block name="adminConcreteStairs50">
            <property name="DisplayType" value="blockHardened" />
            <property name="Material" value="Mconcrete"/>
            <property name="CustomIcon" value="rConcreteStairs50"/>
            <property name="CustomIconTint" value="ff0000"/>
            <property name="Shape" value="New"/>
            <property name="Model" value="stairs_filled_quarter_vertical_uv"/>
            <property name="Place" value="TowardsPlacerInverted"/>
            <property name="Texture" value="8"/>
            <property name="UseGlobalUV" value="Global"/>
            <property name="Stairs"/>
            <property name="CreativeMode" value="Dev"/>
        </block>
        <block name="adminConcreteWedgeCNRInsideBottom">
            <property name="Extends" value="adminConcreteMaster"/>
            <property name="CustomIcon" value="rConcreteWedgeCNRInsideBottom"/>
            <property name="CustomIconTint" value="ff0000"/>
            <property name="Shape" value="New"/>
            <property name="Model" value="wedge60_inside_corner"/>
            <property name="Place" value="TowardsPlacerInverted"/>
            <property name="CreativeMode" value="Dev"/>
        </block>
        <block name="adminConcreteHalfRampStairs50">
            <property name="Extends" value="adminConcreteMaster"/>
            <property name="CustomIcon" value="concreteHalfRampStairs50"/>
            <property name="CustomIconTint" value="ff0000"/>
            <property name="Shape" value="New"/>
            <property name="Path" value="solid"/>
            <property name="Model" value="angled_stairs50"/>
            <property name="CreativeMode" value="Dev"/>
        </block>
        <block name="adminConcreteHalfRampStairs50Filler">
            <property name="Extends" value="adminConcreteMaster"/>
            <property name="CustomIcon" value="concreteHalfRampStairs50"/>
            <property name="CustomIconTint" value="ff0000"/>
            <property name="Shape" value="New"/>
            <property name="Model" value="angled_stairs50_filler"/>
            <property name="CreativeMode" value="Dev"/>
        </block>
        <block name="adminConcretePoleSCTR">
            <property name="Extends" value="adminConcreteMaster"/>
            <property name="CustomIcon" value="concretePoleSCTR"/>
            <property name="CustomIconTint" value="ff0000"/>
            <property name="Shape" value="New"/>
            <property name="Model" value="pole_square_centered_side"/>
            <property name="UseGlobalUV" value="Local"/>
            <property name="Collide" value="movement,melee,bullet,arrow,rocket"/>
            <property name="FilterTags" value="fbuilding,fconcrete,fdecor,fwindows"/>
            <property name="CreativeMode" value="Dev"/>
        </block>
        <block name="adminConcreteWedgeCNRInsideTop">
            <property name="Extends" value="adminConcreteMaster"/>
            <property name="CustomIcon" value="rConcreteWedgeCNRInsideTop"/>
            <property name="CustomIconTint" value="ff0000"/>
            <property name="Shape" value="New"/>
            <property name="Path" value="solid"/>
            <property name="Model" value="wedge60_inside_corner_2"/>
            <property name="Place" value="TowardsPlacerInverted"/>
            <property name="CreativeMode" value="Dev"/>
        </block>
        <block name="adminConcreteArrowSlitHalf">
            <property name="Extends" value="adminConcreteMaster"/>
            <property name="CustomIcon" value="rConcreteArrowSlitHalf"/>
            <property name="CustomIconTint" value="ff0000"/>
            <property name="Shape" value="New"/>
            <property name="LightOpacity" value="6"/>
            <property name="Model" value="arrow_slit_half"/>
            <property name="Place" value="TowardsPlacerInverted"/>
            <property name="ImposterExchange" value="imposterBlock" param1="2"/>
            <property name="CreativeMode" value="Dev"/>
        </block>
        <block name="adminConcreteStairsFilledRailingLeft">
            <property name="Extends" value="adminConcreteMaster"/>
            <property name="CustomIcon" value="concreteStairsFilledRailingLeft"/>
            <property name="CustomIconTint" value="ff0000"/>
            <property name="DisplayType" value="blockMulti" />
            <property name="Shape" value="New"/>
            <property name="Model" value="Stairs_filled_railing_left"/>
            <property name="Place" value="TowardsPlacerInverted"/>
            <property name="UseGlobalUV" value="L,D,D,D,L,D"/>
            <property name="MultiBlockDim" value="1,2,1"/>
            <property name="Stairs"/>
            <property name="ImposterExchange" value="imposterRamp" param1="2"/>
            <property name="MirrorSibling" value="concreteStairsFilledRailingRight"/>
            <property name="CreativeMode" value="Dev"/>
        </block>
        <block name="adminConcreteStairsFilledRailingRight">
            <property name="Extends" value="adminConcreteMaster"/>
            <property name="CustomIcon" value="concreteStairsFilledRailingRight"/>
            <property name="CustomIconTint" value="ff0000"/>
            <property name="DisplayType" value="blockMulti" />
            <property name="Shape" value="New"/>
            <property name="Model" value="Stairs_filled_railing_right"/>
            <property name="Place" value="TowardsPlacerInverted"/>
            <property name="UseGlobalUV" value="L,D,D,D,L,D"/>
            <property name="MultiBlockDim" value="1,2,1"/>
            <property name="Stairs"/>
            <property name="ImposterExchange" value="imposterRamp" param1="2"/>
            <property name="MirrorSibling" value="concreteStairsFilledRailingLeft"/>
            <property name="CreativeMode" value="Dev"/>
        </block>
        <block name="adminConcreteGableInvertedSteep">
            <property name="Extends" value="adminConcreteMaster"/>
            <property name="CustomIcon" value="concreteGableInvertedSteep"/>
            <property name="CustomIconTint" value="ff0000"/>
            <property name="Shape" value="New"/>
            <property name="Model" value="gable_inverted_steep"/>
            <property name="CreativeMode" value="Dev"/>
        </block>
        <block name="adminConcreteWedgeStairs">
            <property name="Extends" value="adminConcreteMaster"/>
            <property name="CustomIcon" value="concreteWedgeStairs"/>
            <property name="CustomIconTint" value="ff0000"/>
            <property name="Shape" value="New"/>
            <property name="Path" value="solid"/>
            <property name="Model" value="wedge_stairs"/>
            <property name="Place" value="TowardsPlacerInverted"/>
            <property name="CreativeMode" value="Dev"/>
        </block>
        <block name="adminConcreteQuarterCNR">
            <property name="Extends" value="adminConcreteMaster"/>
            <property name="CustomIcon" value="concreteQuarterCNR"/>
            <property name="CustomIconTint" value="ff0000"/>
            <property name="Shape" value="New"/>
            <property name="Model" value="quarter_inside_corner"/>
            <property name="DescriptionKey" value="shapeQuarterCNRGroupDesc"/>
            <property name="CreativeMode" value="Dev"/>
        </block>
        <block name="adminConcreteWedge">
            <property name="Extends" value="adminConcreteMaster"/>
            <property name="CustomIcon" value="rConcreteWedge"/>
            <property name="CustomIconTint" value="ff0000"/>
            <property name="Shape" value="New"/>
            <property name="Model" value="wedge60"/>
            <property name="Place" value="TowardsPlacerInverted"/>
            <property name="CreativeMode" value="Dev"/>
        </block>
        <block name="adminConcreteCNRRampFiller">
            <property name="Extends" value="adminConcreteMaster"/>
            <property name="CustomIcon" value="rConcreteCNRRampFiller"/>
            <property name="CustomIconTint" value="ff0000"/>
            <property name="Shape" value="New"/>
            <property name="Path" value="solid"/>
            <property name="Model" value="ramp_corner_filler"/>
            <property name="Place" value="TowardsPlacerInverted"/>
            <property name="UseGlobalUV" value="Global"/>
            <property name="CreativeMode" value="Dev"/>
        </block>
        <block name="adminConcreteWedgeTip">
            <property name="Extends" value="adminConcreteMaster"/>
            <property name="CustomIcon" value="rConcreteWedgeTip"/>
            <property name="CustomIconTint" value="ff0000"/>
            <property name="Shape" value="New"/>
            <property name="Model" value="wedge60_tip"/>
            <property name="Place" value="TowardsPlacerInverted"/>
            <property name="CreativeMode" value="Dev"/>
        </block>
        <block name="adminConcreteWedgeCNRInsideSteepTop">
            <property name="Extends" value="adminConcreteMaster"/>
            <property name="CustomIcon" value="concreteWedgeCNRInsideSteepTop"/>
            <property name="CustomIconTint" value="ff0000"/>
            <property name="Shape" value="New"/>
            <property name="Model" value="wedge_inside_corner_base"/>
            <property name="CreativeMode" value="Dev"/>
        </block>
        <block name="adminConcreteWedgeTipStairs">
            <property name="Extends" value="adminConcreteMaster"/>
            <property name="CustomIcon" value="concreteWedgeTipStairs"/>
            <property name="CustomIconTint" value="ff0000"/>
            <property name="Shape" value="New"/>
            <property name="Model" value="wedge_tip_stairs"/>
            <property name="Place" value="TowardsPlacerInverted"/>
            <property name="CreativeMode" value="Dev"/>
        </block>
        <block name="adminConcreteWedgeCNRSteepTop">
            <property name="Extends" value="adminConcreteMaster"/>
            <property name="CustomIcon" value="concreteWedgeCNRSteepTop"/>
            <property name="CustomIconTint" value="ff0000"/>
            <property name="Shape" value="New"/>
            <property name="Model" value="wedge60_tip_corner_top"/>
            <property name="Collide" value="movement,melee,bullet,arrow,rocket"/>
            <property name="CreativeMode" value="Dev"/>
        </block>
        <block name="adminConcreteGable1m">
            <property name="Extends" value="adminConcreteMaster"/>
            <property name="CustomIcon" value="concreteGable1m"/>
            <property name="CustomIconTint" value="ff0000"/>
            <property name="Shape" value="New"/>
            <property name="Model" value="wedge_tip_full"/>
            <property name="CreativeMode" value="Dev"/>
        </block>
        <block name="adminConcreteQuarterTeeSCtr">
            <property name="Extends" value="adminConcreteMaster"/>
            <property name="CustomIcon" value="concreteQuarterTeeSCtr"/>
            <property name="CustomIconTint" value="ff0000"/>
            <property name="Shape" value="New"/>
            <property name="Model" value="quarter_t_centered"/>
            <property name="Place" value="TowardsPlacerInverted"/>
            <property name="DescriptionKey" value="shapeQuarterTeeSCtrGroupDesc"/>
            <property name="CreativeMode" value="Dev"/>
        </block>
        <block name="adminConcreteWedgeCNRSteepBase">
            <property name="Extends" value="adminConcreteMaster"/>
            <property name="CustomIcon" value="concreteWedgeCNRSteepBase"/>
            <property name="CustomIconTint" value="ff0000"/>
            <property name="Shape" value="New"/>
            <property name="Model" value="wedge60_tip_corner_base"/>
            <property name="CreativeMode" value="Dev"/>
        </block>
        <block name="adminConcreteQuarterSCtr">
            <property name="Extends" value="adminConcreteMaster"/>
            <property name="CustomIcon" value="concreteQuarterSCtr"/>
            <property name="CustomIconTint" value="ff0000"/>
            <property name="Shape" value="New"/>
            <property name="Model" value="quarter_centered_wall"/>
            <property name="Place" value="TowardsPlacerInverted"/>
            <property name="Collide" value="movement,melee,bullet,arrow,rocket"/>
            <property name="DescriptionKey" value="shapeQuarterSCtrGroupDesc"/>
            <property name="UseGlobalUV" value="Global"/>
            <property name="CreativeMode" value="Dev"/>
        </block>
        <block name="adminConcretePillar100Cap">
            <property name="Extends" value="adminConcreteMaster"/>
            <property name="CustomIcon" value="concretePillar100Cap"/>
            <property name="CustomIconTint" value="ff0000"/>
            <property name="Shape" value="New"/>
            <property name="Model" value="Pole1m_cap"/>
            <property name="ImposterExchange" value="imposterPyramid" param1="2"/>
            <property name="CreativeMode" value="Dev"/>
        </block>
        <block name="adminConcreteWedgeCNRInsideSteepBase">
            <property name="Extends" value="adminConcreteMaster"/>
            <property name="CustomIcon" value="concreteWedgeCNRInsideSteepBase"/>
            <property name="CustomIconTint" value="ff0000"/>
            <property name="Shape" value="New"/>
            <property name="Path" value="solid"/>
            <property name="Model" value="wedge_inside_corner_top"/>
            <property name="CreativeMode" value="Dev"/>
        </block>
        <block name="adminConcreteCTRpole">
            <property name="Extends" value="adminConcreteMaster"/>
            <property name="CustomIcon" value="rConcreteCTRpole"/>
            <property name="CustomIconTint" value="ff0000"/>
            <property name="Shape" value="New"/>
            <property name="LightOpacity" value="0"/>
            <property name="Model" value="pole_square_centered"/>
            <property name="AllowAllRotations" value="true"/>
            <property name="ImposterExclude" value="true"/>
            <property name="UseGlobalUV" value="Local"/>
            <property name="CreativeMode" value="Dev"/>
        </block>
        <block name="adminConcreteGableQuarter">
            <property name="Extends" value="adminConcreteMaster"/>
            <property name="CustomIcon" value="concreteGableQuarter"/>
            <property name="CustomIconTint" value="ff0000"/>
            <property name="Shape" value="New"/>
            <property name="Model" value="wedge_tip_quarter"/>
            <property name="Collide" value="movement,melee,bullet,arrow,rocket"/>
            <property name="CreativeMode" value="Dev"/>
        </block>
        <block name="adminConcreteGableInvertedQuarter">
            <property name="Extends" value="adminConcreteMaster"/>
            <property name="CustomIcon" value="concreteGableInvertedQuarter"/>
            <property name="CustomIconTint" value="ff0000"/>
            <property name="Shape" value="New"/>
            <property name="Path" value="solid"/>
            <property name="Model" value="gable_inverted_quarter"/>
            <property name="CreativeMode" value="Dev"/>
        </block>
        <block name="adminConcreteGableInvertedHalf">
            <property name="Extends" value="adminConcreteMaster"/>
            <property name="CustomIcon" value="concreteGableInvertedHalf"/>
            <property name="CustomIconTint" value="ff0000"/>
            <property name="Shape" value="New"/>
            <property name="Path" value="solid"/>
            <property name="Model" value="gable_inverted_half"/>
            <property name="CreativeMode" value="Dev"/>
        </block>
        <block name="adminConcreteHalfPlate">
            <property name="Extends" value="adminConcreteMaster"/>
            <property name="CustomIcon" value="concreteHalfPlate"/>
            <property name="CustomIconTint" value="ff0000"/>
            <property name="Shape" value="New"/>
            <property name="Model" value="trim01"/>
            <property name="Collide" value="movement,melee,bullet,arrow,rocket"/>
            <property name="LightOpacity" value="5"/>
            <property name="CreativeMode" value="Dev"/>
        </block>
        <block name="adminConcretePyramid1m">
            <property name="Extends" value="adminConcreteMaster"/>
            <property name="CustomIcon" value="concretePyramid1m"/>
            <property name="CustomIconTint" value="ff0000"/>
            <property name="Shape" value="New"/>
            <property name="Model" value="pyramid_1m"/>
            <property name="CreativeMode" value="Dev"/>
        </block>
        <block name="adminConcreteQuarterCNR3Way">
            <property name="Extends" value="adminConcreteMaster"/>
            <property name="CustomIcon" value="concreteQuarterCNR3Way"/>
            <property name="CustomIconTint" value="ff0000"/>
            <property name="Shape" value="New"/>
            <property name="Model" value="quarter_inside_corner_3way"/>
            <property name="DescriptionKey" value="shapeQuarterCNR3WayGroupDesc"/>
            <property name="CreativeMode" value="Dev"/>
        </block>
        <block name="adminConcretePlateOffset">
            <property name="Extends" value="adminConcreteMaster"/>
            <property name="CustomIcon" value="concretePlateOffset"/>
            <property name="CustomIconTint" value="ff0000"/>
            <property name="Shape" value="New"/>
            <property name="Model" value="tube_center_straight"/>
            <property name="CreativeMode" value="Dev"/>
        </block>
        <block name="adminConcreteCornerstone">
            <property name="Extends" value="adminConcreteMaster"/>
            <property name="CustomIcon" value="concreteCornerstone"/>
            <property name="CustomIconTint" value="ff0000"/>
            <property name="Shape" value="New"/>
            <property name="Path" value="solid"/>
            <property name="Model" value="cornerstone"/>
            <property name="Texture" value="8,8,8,7,8,8"/>
            <property name="DescriptionKey" value="shapeCornerstoneGroupDesc"/>
            <property name="CreativeMode" value="Dev"/>
        </block>
        <block name="adminConcreteHalfCNRInside2">
            <property name="Extends" value="adminConcreteMaster"/>
            <property name="CustomIcon" value="concreteHalfCNRInside2"/>
            <property name="CustomIconTint" value="ff0000"/>
            <property name="Shape" value="New"/>
            <property name="Path" value="solid"/>
            <property name="Model" value="cupboard_corner"/>
            <property name="DescriptionKey" value="shapeHalfCNRInside2"/>
            <property name="CreativeMode" value="Dev"/>
        </block>
        <block name="adminConcreteSupport">
            <property name="Extends" value="adminConcreteMaster"/>
            <property name="CustomIcon" value="rConcreteSupport"/>
            <property name="CustomIconTint" value="ff0000"/>
            <property name="Shape" value="New"/>
            <property name="LightOpacity" value="0"/>
            <property name="Model" value="Branch_legacy"/>
            <property name="UseGlobalUV" value="Local"/>
            <property name="ImposterExclude" value="true"/>
            <property name="ImposterDontBlock" value="true"/>
            <property name="CreativeMode" value="Dev"/>
        </block>
        <block name="adminConcreteCNRInside">
            <property name="Extends" value="adminConcreteMaster"/>
            <property name="CustomIcon" value="rConcreteCNRInside"/>
            <property name="CustomIconTint" value="ff0000"/>
            <property name="Shape" value="New"/>
            <property name="Path" value="solid"/>
            <property name="Model" value="ramp_inside_corner"/>
            <property name="CreativeMode" value="Dev"/>
        </block>
        <block name="adminConcreteTubeCenter">
            <property name="Extends" value="adminConcreteMaster"/>
            <property name="CustomIcon" value="concreteTubeCenter"/>
            <property name="CustomIconTint" value="ff0000"/>
            <property name="Shape" value="New"/>
            <property name="Model" value="tube_center"/>
            <property name="CreativeMode" value="Dev"/>
        </block>
        <block name="adminConcreteTubeCorner">
            <property name="Extends" value="adminConcreteMaster"/>
            <property name="CustomIcon" value="concreteTubeCorner"/>
            <property name="CustomIconTint" value="ff0000"/>
            <property name="Shape" value="New"/>
            <property name="Model" value="tube_corner"/>
            <property name="CreativeMode" value="Dev"/>
        </block>
        <block name="adminConcreteTunnelCenter">
            <property name="Extends" value="adminConcreteMaster"/>
            <property name="CustomIcon" value="concreteTunnelCenter"/>
            <property name="CustomIconTint" value="ff0000"/>
            <property name="Shape" value="New"/>
            <property name="Model" value="tunnel_center"/>
            <property name="CreativeMode" value="Dev"/>
        </block>
        <block name="adminConcreteTunnelCorner">
            <property name="Extends" value="adminConcreteMaster"/>
            <property name="CustomIcon" value="concreteTunnelCorner"/>
            <property name="CustomIconTint" value="ff0000"/>
            <property name="Shape" value="New"/>
            <property name="Model" value="tunnel_corner"/>
            <property name="CreativeMode" value="Dev"/>
        </block>
        <block name="adminConcreteCTRQuarter">
            <property name="Extends" value="adminConcreteMaster"/>
            <property name="CustomIcon" value="concreteCTRQuarter"/>
            <property name="CustomIconTint" value="ff0000"/>
            <property name="Shape" value="New"/>
            <property name="Path" value="solid"/>
            <property name="Model" value="pole_quarter_centered"/>
            <property name="CreativeMode" value="Dev"/>
        </block>
        <block name="adminGlassBulletproofPlateCurved">
            <property name="Extends" value="adminGlassBulletproofMaster"/>
            <property name="Model" value="plate_corner_round_1m"/>
            <property name="CustomIcon" value="glassBulletproofPlateCurved"/>
            <property name="CustomIconTint" value="ff0000"/>
            <property name="CreativeMode" value="Dev"/>
            <property class="RepairItems">
                <property name="resourceConcreteMix" value="1"/></property>
        </block>
        <block name="adminGlassBulletproofPlate">
            <property name="Extends" value="adminGlassBulletproofMaster"/>
            <property name="Model" value="plate_glass"/>
            <property name="CustomIcon" value="glassBulletproofPlate"/>
            <property name="CustomIconTint" value="ff0000"/>
            <property name="Place" value="TowardsPlacerInverted"/>
            <property name="CreativeMode" value="Dev"/>
            <property class="RepairItems">
                <property name="resourceConcreteMix" value="1"/></property>
        </block>
        <block name="adminIronBars">
            <property name="Extends" value="ironBarsCentered"/>
            <property name="Material" value="Madmins"/>
            <property name="Model" value="iron_bars"/>
            <property name="CustomIconTint" value="ff0000"/>
            <property name="Place" value="TowardsPlacerInverted"/>
            <property name="CreativeMode" value="Dev"/>
            <property class="RepairItems">
                <property name="resourceConcreteMix" value="1"/></property>
        </block>
        <block name="adminBladeTrap">
            <property name="CreativeMode" value="Dev"/>
            <property name="Class" value="BladeTrap"/>
            <property name="DisplayType" value="blockElectricalHardenedMulti" />
            <property name="Material" value="Madmins"/>
            <property name="Damage" value="1000"/>
            <property name="DamageReceived" value="0.1"/>
            <property name="BreakingPercentage" value="0.1"/>
            <property name="BrokenPercentage" value="0.1"/>
            <property name="ImpactSound" value="bladetrap_impact"/>
            <property name="StartSound" value="bladetrap_startup"/>
            <property name="StopSound" value="bladetrap_stop"/>
            <property name="StabilitySupport" value="false"/>
            <property name="Shape" value="ModelEntity"/>
            <property name="Collide" value="movement,melee,bullet,arrow,rocket"/>
            <property name="RequiredPower" value="5"/>
            <property name="Model" value="Entities/Electrical/trap_spinning_bladePrefab"/>
            <property name="HandleFace" value="Bottom"/>
            <property name="CustomIcon" value="bladeTrap"/>
            <property name="CustomIconTint" value="ff0000"/>
            <property name="DisplayType" value="blockElectricalMulti" />
            <property name="MultiBlockDim" value="3,1,3"/>
            <property name="ImposterExchange" value="imposterPlate" param1="111"/>
            <property name="IsTerrainDecoration" value="true"/>
            <property name="RuntimeSwitch" value="true" />
            <property name="Group" value="Tools/Traps,Science"/>
            <property name="ActivationDistance" value="6"/>
            <property class="RepairItems">
                <property name="resourceConcreteMix" value="1"/></property>
            <property name="Stacknumber" value="100"/>
            <property name="TakeDelay" value="1"/>
            <property name="FilterTags" value="fdecor,felectrical,ftraps"/>
        </block>
        <block name="adminGeneratorbank">
            <property name="CreativeMode" value="Dev"/>
            <property name="Class" value="Generator"/>
            <property name="DisplayType" value="blockHardened" />
            <property name="Material" value="Madmins"/>
            <property name="StabilitySupport" value="false"/>
            <property name="Shape" value="ModelEntity"/>
            <property name="Mesh" value="models"/>
            <property name="Path" value="solid"/>
            <property name="Model" value="Entities/Electrical/generatorPrefab"/>
            <property name="CustomIcon" value="generatorbank"/>
            <property name="CustomIconTint" value="ff0000"/>
            <property name="HandleFace" value="Bottom"/>
            <property name="ImposterDontBlock" value="true"/>
            <property name="Collide" value="movement,melee,bullet,arrow,rocket"/>
            <property name="DescriptionKey" value="powerSourceDesc"/>
            <property name="MaxFuel" value="6000"/>
            <property name="OutputPerFuel" value="56250"/>
            <property name="MaxPower" value="61250"/>
            <property name="OutputPerStack" value="56250"/>
            <property name="SlotItem" value="smallEngine"/>
            <property name="DisplayType" value="blockElectrical" />
            <property name="Group" value="Science"/>
            <property class="RepairItems">
                <property name="resourceConcreteMix" value="1"/></property>
            <property name="Stacknumber" value="1"/>
            <property name="TakeDelay" value="1"/>
        </block>
    </append>
</Config>