<Config>
    <append xpath="/materials">
        <!--Admin Materials-->
        <material id="Madmins">
            <property name="damage_category" value="stone"/>
            <property name="surface_category" value="stone"/>
            <property name="Hardness" type="float" value="100000"/>
            <property name="stepsound" value="stone"/>
            <property name="stability_glue" value="240"/>
            <property name="Mass" type="int" value="1"/>
            <property name="explosionresistance" value="1.1"/>
            <property name="MaxDamage" value="50000"/>
            <property name="Experience" value="2"/>
        </material>
    </append>
</Config>