<Config>
    <append xpath="/blocks">
        <!-- Adding the unlocked versions of doors -->
        <block name="Commercial_Door_v1(Unlocked)">
            <property name="DescriptionKey" value="doorGroupDesc"/>
            <property name="Class" value="Door"/>
            <property name="Material" value="Mmetal"/>
            <property name="PassThroughDamage" value="true"/>
            <property name="LightOpacity" value="1"/>
            <property name="Shape" value="ModelEntity"/>
            <property name="Tag" value="Door"/>
            <property name="Place" value="Door"/>
            <!-- build restriction -->
            <property name="PlaceEverywhere" value="true"/>
            <property name="Model" value="Entities/Doors/commercial_door_1_v1Prefab"/>
            <property name="ModelOffset" value="0,0,0"/>
            <property name="DisplayType" value="blockMulti" />
            <property name="MultiBlockDim" value="1,2,1"/>
            <property name="ImposterExchange" value="imposterBlock" param1="9"/>
            <property name="Mesh-Damage-1" value="Door/Door_DMG0"/>
            <property name="Mesh-Damage-2" value="Door/Door_DMG1"/>
            <property name="Mesh-Damage-3" value="Door/Door_DMG2"/>
            <property name="Mesh-Damage-4" value="Door/Door_DMG3"/>
            <property name="Mesh-Damage-5" value="Door/Door_DMG4"/>
            <property name="OpenSound" value="open_door_metal"/>
            <property name="CloseSound" value="close_door_metal"/>
            <property class="RepairItems">
                <property name="resourceForgedIron" value="2"/></property>
            <property class="UpgradeBlock">
                <property name="ToBlock" value="Commercial_Door_v2(Unlocked)"/>
                <property name="Item" value="resourceWood"/>
                <property name="ItemCount" value="4"/>
                <property name="UpgradeHitCount" value="4"/></property>
            <property name="CustomUpgradeSound" value="place_block_wood"/>
            <drop event="Harvest" name="resourceScrapIron" count="8" prob="1" tag="allHarvest"/>
            <drop event="Destroy" count="0"/>
            <drop event="Fall" name="scrapMetalPile" count="1" prob="0.75" stick_chance="1"/>
            <property name="Group" value="Building"/>
            <property name="FilterTags" value="fdecor,fdoors"/>
            <property name="SortOrder1" value="7060"/>
            <property name="SortOrder2" value="0200"/>
            <!-- SortDoors -->
        </block>
        <block name="Commercial_Door_v2(Unlocked)">
            <property name="Extends" value="Commercial_Door_v1(Unlocked)"/>
            <property name="Material" value="Mwood_regular"/>
            <property name="PassThroughDamage" value="true"/>
            <property name="Texture" value="241"/>
            <property name="Model" value="Entities/Doors/commercial_door_1_v2Prefab"/>
            <property name="ModelOffset" value="0,0,0"/>
            <property class="UpgradeBlock">
                <property name="ToBlock" value="Commercial_Door_v3(Unlocked)"/>
                <property name="Item" value="resourceScrapIron"/>
                <property name="ItemCount" value="20"/>
                <property name="UpgradeHitCount" value="4"/></property>
            <property name="CustomUpgradeSound" value="place_block_metal"/>
            <property name="DowngradeBlock" value="Commercial_Door_v1(Unlocked)"/>
            <property class="RepairItems">
                <property name="resourceWood" value="3"/></property>
            <drop event="Harvest" name="resourceWood" count="2" prob="1" tag="allHarvest"/>
            <drop event="Harvest" name="resourceScrapIron" count="0" prob="1" tag="allHarvest"/>
            <property name="SortOrder2" value="0205"/>
            <!-- SortDoors -->
        </block>
        <block name="Commercial_Door_v3(Unlocked)">
            <property name="DescriptionKey" value="doorGroupDesc"/>
            <property name="Class" value="Door"/>
            <property name="Material" value="Mmetal"/>
            <property name="PassThroughDamage" value="true"/>
            <property name="LightOpacity" value="1"/>
            <property name="Shape" value="ModelEntity"/>
            <property name="Tag" value="Door"/>
            <property name="Place" value="Door"/>
            <!-- build restriction -->
            <property name="PlaceEverywhere" value="true"/>
            <property name="Model" value="Entities/Doors/commercial_door_1_v3Prefab"/>
            <property name="ModelOffset" value="0,0,0"/>
            <property name="DisplayType" value="blockMulti" />
            <property name="MultiBlockDim" value="1,2,1"/>
            <property name="ImposterExchange" value="imposterBlock" param1="9"/>
            <property name="Mesh-Damage-1" value="Door/Door_DMG0"/>
            <property name="Mesh-Damage-2" value="Door/Door_DMG1"/>
            <property name="Mesh-Damage-3" value="Door/Door_DMG2"/>
            <property name="Mesh-Damage-4" value="Door/Door_DMG3"/>
            <property name="Mesh-Damage-5" value="Door/Door_DMG4"/>
            <property name="OpenSound" value="open_door_metal"/>
            <property name="CloseSound" value="close_door_metal"/>
            <property name="DowngradeBlock" value="Commercial_Door_v2(Unlocked)"/>
            <property class="RepairItems">
                <property name="resourceScrapIron" value="20"/></property>
            <drop event="Harvest" name="resourceScrapIron" count="8" prob="1" tag="allHarvest"/>
            <drop event="Fall" name="scrapMetalPile" count="1" prob="0.75" stick_chance="1"/>
            <property name="Group" value="Building"/>
            <drop event="Destroy" count="0"/>
            <property name="FilterTags" value="fdecor,fdoors"/>
            <property name="SortOrder1" value="7060"/>
            <property name="SortOrder2" value="0210"/>
            <!-- SortDoors -->
        </block>
        <block name="Commercial_Door_2_v1(Unlocked)">
            <property name="Extends" value="Commercial_Door_v1(Unlocked)"/>
            <property name="Model" value="Entities/Doors/commercial_door_2_v1Prefab"/>
            <property class="UpgradeBlock">
                <property name="ToBlock" value="Commercial_Door_2_v2(Unlocked)"/></property>
            <property name="SortOrder2" value="0220"/>
            <!-- SortDoors -->
        </block>
        <block name="Commercial_Door_2_v2(Unlocked)">
            <property name="Extends" value="Commercial_Door_v2(Unlocked)"/>
            <property name="Model" value="Entities/Doors/commercial_door_2_v2Prefab"/>
            <property class="UpgradeBlock">
                <property name="ToBlock" value="Commercial_Door_2_v3(Unlocked)"/></property>
            <property name="DowngradeBlock" value="Commercial_Door_2_v1(Unlocked)"/>
            <property name="SortOrder2" value="0225"/>
            <!-- SortDoors -->
        </block>
        <block name="Commercial_Door_2_v3(Unlocked)">
            <property name="Extends" value="Commercial_Door_v3(Unlocked)"/>
            <property name="Model" value="Entities/Doors/commercial_door_2_v3Prefab"/>
            <property name="DowngradeBlock" value="Commercial_Door_2_v2(Unlocked)"/>
            <property name="SortOrder2" value="0230"/>
            <!-- SortDoors -->
        </block>
        <block name="Commercial_Door_4_v1(Unlocked)">
            <property name="Extends" value="Commercial_Door_v1(Unlocked)"/>
            <property name="Model" value="Entities/Doors/commercial_door_4_v1Prefab"/>
            <property class="UpgradeBlock">
                <property name="ToBlock" value="Commercial_Door_4_v2(Unlocked)"/></property>
            <property name="SortOrder2" value="0260"/>
            <!-- SortDoors -->
        </block>
        <block name="Commercial_Door_4_v2(Unlocked)">
            <property name="Extends" value="Commercial_Door_v2(Unlocked)"/>
            <property name="Model" value="Entities/Doors/commercial_door_4_v2Prefab"/>
            <property class="UpgradeBlock">
                <property name="ToBlock" value="Commercial_Door_4_v3(Unlocked)"/></property>
            <property name="DowngradeBlock" value="Commercial_Door_4_v1(Unlocked)"/>
            <property name="SortOrder2" value="0265"/>
            <!-- SortDoors -->
        </block>
        <block name="Commercial_Door_4_v3(Unlocked)">
            <property name="Extends" value="Commercial_Door_v3(Unlocked)"/>
            <property name="Model" value="Entities/Doors/commercial_door_4_v3Prefab"/>
            <property name="DowngradeBlock" value="Commercial_Door_4_v2(Unlocked)"/>
            <property name="SortOrder2" value="0270"/>
            <!-- SortDoors -->
        </block>
        <block name="House_Door_v1(Unlocked)">
            <property name="DescriptionKey" value="doorGroupDesc"/>
            <property name="Class" value="Door"/>
            <property name="Material" value="Mwood_regular"/>
            <property name="PassThroughDamage" value="true"/>
            <property name="LightOpacity" value="1"/>
            <property name="Shape" value="ModelEntity"/>
            <property name="Model" value="Entities/Doors/house_frontDoor1_v1Prefab"/>
            <property name="ModelOffset" value="0,0,0"/>
            <property name="DisplayType" value="blockMulti" />
            <property name="MultiBlockDim" value="1,2,1"/>
            <property name="ImposterExchange" value="imposterBlock" param1="25"/>
            <property name="Tag" value="Door"/>
            <property name="Place" value="Door"/>
            <!-- build restriction -->
            <property name="PlaceEverywhere" value="true"/>
            <property name="Mesh-Damage-1" value="Door/Door_DMG0"/>
            <property name="Mesh-Damage-2" value="Door/Door_DMG1"/>
            <property name="Mesh-Damage-3" value="Door/Door_DMG2"/>
            <property name="Mesh-Damage-4" value="Door/Door_DMG3"/>
            <property name="Mesh-Damage-5" value="Door/Door_DMG4"/>
            <property name="OpenSound" value="open_door_wood"/>
            <property name="CloseSound" value="close_door_wood"/>
            <property class="RepairItems">
                <property name="resourceWood" value="3"/></property>
            <property class="UpgradeBlock">
                <property name="ToBlock" value="House_Door_v2(Unlocked)"/>
                <property name="Item" value="resourceWood"/>
                <property name="ItemCount" value="4"/>
                <property name="UpgradeHitCount" value="4"/></property>
            <property name="CustomUpgradeSound" value="place_block_wood"/>
            <drop event="Harvest" name="resourceWood" count="2" prob="1" tag="allHarvest"/>
            <drop event="Destroy" count="0"/>
            <drop event="Fall" name="terrDestroyedWoodDebris" count="1" prob="0.75" stick_chance="1"/>
            <property name="FilterTags" value="fdecor,fdoors"/>
            <property name="SortOrder1" value="7060"/>
            <property name="SortOrder2" value="0140"/>
            <!-- SortDoors -->
        </block>
        <block name="House_Door_v2(Unlocked)">
            <property name="Extends" value="House_Door_v1(Unlocked)"/>
            <property name="Material" value="Mwood_weak"/>
            <property name="PassThroughDamage" value="true"/>
            <property name="Texture" value="241"/>
            <property name="Model" value="Entities/Doors/house_frontDoor1_v2Prefab"/>
            <property name="ModelOffset" value="0,0,0"/>
            <property class="UpgradeBlock">
                <property name="ToBlock" value="House_Door_v3(Unlocked)"/>
                <property name="Item" value="resourceScrapIron"/>
                <property name="ItemCount" value="20"/>
                <property name="UpgradeHitCount" value="4"/></property>
            <property name="CustomUpgradeSound" value="place_block_metal"/>
            <property name="DowngradeBlock" value="House_Door_v1(Unlocked)"/>
            <property name="SortOrder2" value="0145"/>
            <!-- SortDoors -->
        </block>
        <block name="House_Door_v3(Unlocked)">
            <property name="Extends" value="House_Door_v1(Unlocked)"/>
            <property name="Texture" value="241"/>
            <property name="Model" value="Entities/Doors/house_frontDoor1_v3Prefab"/>
            <property name="ModelOffset" value="0,0,0"/>
            <property name="ImposterExchange" value="imposterBlock" param1="25"/>
            <property name="OpenSound" value="open_door_wood"/>
            <property name="CloseSound" value="close_door_wood"/>
            <property name="DowngradeBlock" value="House_Door_v2(Unlocked)"/>
            <property name="SortOrder2" value="0150"/>
            <!-- SortDoors -->
        </block>
        <block name="House_Door_2_v1(Unlocked)">
            <property name="Extends" value="House_Door_v1(Unlocked)"/>
            <property name="Model" value="Entities/Doors/house_frontDoor2_v1Prefab"/>
            <property name="ImposterExchange" value="imposterBlock" param1="70"/>
            <property class="UpgradeBlock">
                <property name="ToBlock" value="House_Door_2_v2(Unlocked)"/></property>
            <property name="SortOrder2" value="0160"/>
            <!-- SortDoors -->
        </block>
        <block name="House_Door_2_v2(Unlocked)">
            <property name="Extends" value="House_Door_v2(Unlocked)"/>
            <property name="Model" value="Entities/Doors/house_frontDoor2_v2Prefab"/>
            <property name="ImposterExchange" value="imposterBlock" param1="70"/>
            <property class="UpgradeBlock">
                <property name="ToBlock" value="House_Door_2_v3(Unlocked)"/></property>
            <property name="DowngradeBlock" value="House_Door_2_v1(Unlocked)"/>
            <property name="SortOrder2" value="0165"/>
            <!-- SortDoors -->
        </block>
        <block name="House_Door_2_v3(Unlocked)">
            <property name="Extends" value="House_Door_v3(Unlocked)"/>
            <property name="Model" value="Entities/Doors/house_frontDoor2_v3Prefab"/>
            <property name="ImposterExchange" value="imposterBlock" param1="70"/>
            <property name="DowngradeBlock" value="House_Door_2_v2(Unlocked)"/>
            <property name="SortOrder2" value="0170"/>
            <!-- SortDoors -->
        </block>
    </append>
    <!-- Altering/adding an upgrade path to doors so they can be unlocked -->
    <set xpath="/blocks/block[@name='commercialDoor1_v1']/property[@class='UpgradeBlock']/property[@name='ToBlock']/@value">Commercial_Door_v1(Unlocked)</set>
    <set xpath="/blocks/block[@name='commercialDoor1_v1']/property[@class='UpgradeBlock']/property[@name='Item']/@value">toolLockpick</set>
    <set xpath="/blocks/block[@name='commercialDoor1_v1']/property[@class='UpgradeBlock']/property[@name='ItemCount']/@value">1</set>
    <set xpath="/blocks/block[@name='commercialDoor1_v1']/property[@class='UpgradeBlock']/property[@name='UpgradeHitCount']/@value">5</set>
    <set xpath="/blocks/block[@name='commercialDoor1_v2']/property[@class='UpgradeBlock']/property[@name='ToBlock']/@value">Commercial_Door_v2(Unlocked)</set>
    <set xpath="/blocks/block[@name='commercialDoor1_v2']/property[@class='UpgradeBlock']/property[@name='Item']/@value">toolLockpick</set>
    <set xpath="/blocks/block[@name='commercialDoor1_v2']/property[@class='UpgradeBlock']/property[@name='ItemCount']/@value">1</set>
    <set xpath="/blocks/block[@name='commercialDoor1_v2']/property[@class='UpgradeBlock']/property[@name='UpgradeHitCount']/@value">10</set>
    <set xpath="/blocks/block[@name='commercialDoor2_v1']/property[@class='UpgradeBlock']/property[@name='ToBlock']/@value">Commercial_Door_2_v1(Unlocked)</set>
    <set xpath="/blocks/block[@name='commercialDoor2_v2']/property[@class='UpgradeBlock']/property[@name='ToBlock']/@value">Commercial_Door_2_v2(Unlocked)</set>
    <set xpath="/blocks/block[@name='commercialDoor4_v1']/property[@class='UpgradeBlock']/property[@name='ToBlock']/@value">Commercial_Door_4_v1(Unlocked)</set>
    <set xpath="/blocks/block[@name='commercialDoor4_v2']/property[@class='UpgradeBlock']/property[@name='ToBlock']/@value">Commercial_Door_4_v2(Unlocked)</set>
    <set xpath="/blocks/block[@name='houseFrontDoor1_v1']/property[@class='UpgradeBlock']/property[@name='ToBlock']/@value">House_Door_v1(Unlocked)</set>
    <set xpath="/blocks/block[@name='houseFrontDoor1_v1']/property[@class='UpgradeBlock']/property[@name='Item']/@value">toolLockpick</set>
    <set xpath="/blocks/block[@name='houseFrontDoor1_v1']/property[@class='UpgradeBlock']/property[@name='ItemCount']/@value">1</set>
    <set xpath="/blocks/block[@name='houseFrontDoor1_v1']/property[@class='UpgradeBlock']/property[@name='UpgradeHitCount']/@value">3</set>
    <set xpath="/blocks/block[@name='houseFrontDoor1_v2']/property[@class='UpgradeBlock']/property[@name='ToBlock']/@value">House_Door_v2(Unlocked)</set>
    <set xpath="/blocks/block[@name='houseFrontDoor1_v2']/property[@class='UpgradeBlock']/property[@name='Item']/@value">toolLockpick</set>
    <set xpath="/blocks/block[@name='houseFrontDoor1_v2']/property[@class='UpgradeBlock']/property[@name='ItemCount']/@value">1</set>
    <set xpath="/blocks/block[@name='houseFrontDoor1_v2']/property[@class='UpgradeBlock']/property[@name='UpgradeHitCount']/@value">5</set>
    <set xpath="/blocks/block[@name='houseFrontDoor2_v1']/property[@class='UpgradeBlock']/property[@name='ToBlock']/@value">House_Door_2_v1(Unlocked)</set>
    <set xpath="/blocks/block[@name='houseFrontDoor2_v2']/property[@class='UpgradeBlock']/property[@name='ToBlock']/@value">House_Door_2_v2(Unlocked)</set>
    <!-- Adding an upgrade path to the v3 doors -->
    <append xpath="/blocks/block[@name='commercialDoor1_v3']">
        <property class="UpgradeBlock">
            <property name="ToBlock" value="Commercial_Door_v3(Unlocked)"/>
            <property name="Item" value="toolLockpick"/>
            <property name="ItemCount" value="1"/>
            <property name="UpgradeHitCount" value="15"/></property>
    </append>
    <append xpath="/blocks/block[@name='commercialDoor2_v3']">
        <property class="UpgradeBlock">
            <property name="ToBlock" value="Commercial_Door_2_v3(Unlocked)"/>
            <property name="Item" value="toolLockpick"/>
            <property name="ItemCount" value="1"/>
            <property name="UpgradeHitCount" value="15"/></property>
    </append>
    <append xpath="/blocks/block[@name='commercialDoor4_v3']">
        <property class="UpgradeBlock">
            <property name="ToBlock" value="Commercial_Door_4_v3(Unlocked)"/>
            <property name="Item" value="toolLockpick"/>
            <property name="ItemCount" value="1"/>
            <property name="UpgradeHitCount" value="15"/></property>
    </append>
    <append xpath="/blocks/block[@name='houseFrontDoor1_v3']">
        <property class="UpgradeBlock">
            <property name="ToBlock" value="House_Door_v3(Unlocked)"/>
            <property name="Item" value="toolLockpick"/>
            <property name="ItemCount" value="1"/>
            <property name="UpgradeHitCount" value="7"/></property>
    </append>
    <append xpath="/blocks/block[@name='houseFrontDoor2_v3']">
        <property class="UpgradeBlock">
            <property name="ToBlock" value="House_Door_2_v3(Unlocked)"/>
            <property name="Item" value="toolLockpick"/>
            <property name="ItemCount" value="1"/>
            <property name="UpgradeHitCount" value="7"/></property>
    </append>
    <!-- Adding an upgrade path to safes so they can be unlocked -->
    <append xpath="/blocks/block[@name='cntWallSafeShamway']">
        <property class="UpgradeBlock">
            <property name="ToBlock" value="cntWallSafeShamwayInsecure"/>
            <property name="Item" value="toolLockpick"/>
            <property name="ItemCount" value="1"/>
            <property name="UpgradeHitCount" value="25"/></property>
    </append>
    <append xpath="/blocks/block[@name='cntWallSafeBrewery']">
        <property class="UpgradeBlock">
            <property name="ToBlock" value="cntWallSafeBreweryInsecure"/>
            <property name="Item" value="toolLockpick"/>
            <property name="ItemCount" value="1"/>
            <property name="UpgradeHitCount" value="25"/></property>
    </append>
    <append xpath="/blocks/block[@name='cntGunSafe']">
        <property class="UpgradeBlock">
            <property name="ToBlock" value="cntGunSafeInsecure"/>
            <property name="Item" value="toolLockpick"/>
            <property name="ItemCount" value="1"/>
            <property name="UpgradeHitCount" value="25"/></property>
    </append>
    <append xpath="/blocks/block[@name='cntWallSafe']">
        <property class="UpgradeBlock">
            <property name="ToBlock" value="cntWallSafeInsecure"/>
            <property name="Item" value="toolLockpick"/>
            <property name="ItemCount" value="1"/>
            <property name="UpgradeHitCount" value="25"/></property>
    </append>
    <append xpath="/blocks/block[@name='cntDeskSafe']">
        <property class="UpgradeBlock">
            <property name="ToBlock" value="cntDeskSafeInsecure"/>
            <property name="Item" value="toolLockpick"/>
            <property name="ItemCount" value="1"/>
            <property name="UpgradeHitCount" value="25"/></property>
    </append>
</Config>