<Config>
    <append xpath="/entity_classes">
        <!-- Donor Crate -->
        <entity_class name="DonorCrate">
            <property name="Class" value="EntitySupplyCrate"/>
            <property name="Parent" value="SupplyCrates"/>
            <property name="Prefab" value="SupplyCrate"/>
            <property name="Mesh" value="SupplyCrate/SupplyCrateEntityPrefab"/>
            <property name="ModelType" value="SupplyCrate"/>
            <property name="Faction" value="none"/>
            <property name="MaxHealth" value="200"/>
            <property name="Weight" value="100"/>
            <property name="HasRagdoll" value="false"/>
            <property name="SurfaceCategory" value="resourceWood"/>
            <property name="ParticleOnDeath" value="supply_crate_gib_Prefab"/>
            <property name="LootListAlive" value="125"/>
            <property name="IsEnemyEntity" value="false"/>
            <property name="SoundParachuteOpen" value="SupplyDrops/Parachute_Opens"/>
            <property name="SoundLanding" value="SupplyDrops/Supply_Crate_Land"/>
            <property name="TimeStayAfterDeath" value="0"/>
            <effect_group name="Base Effects">
                <passive_effect name="HealthMax" operation="base_set" value="200"/>
            </effect_group>
        </entity_class>
    </append>
</Config>