<Config>
    <append xpath="/lootcontainers" >
        <!-- EntityLootContainerMilitary, rare random drop off strong zombies -->
        <lootcontainer id="126" count="2,3" size="5,10" destroy_on_close="false" sound_open="UseActions/open_backpack" sound_close="UseActions/close_backpack" open_time="1" loot_quality_template="baseTemplate">
            <item group="cannedfood" count="1,2" prob="3.7"/>
            <item name="drinkJarBeer" count="1,3" prob="2"/>
            <item group="books" prob="2.5"/>
            <item name="resourceForgedIron" count="1,8" prob="1.25"/>
            <item name="resourceForgedSteel" count="1,8" prob="1.25"/>
            <item name="resourceMilitaryFiber" count="3,6" prob="0.5"/>
            <item group="ironArmor" prob="1.25"/>
            <item group="steelArmor" prob="1.25"/>
            <item group="militaryArmor" prob="1.25"/>
            <item name="armorSwatHelmet" prob="2.5"/>
            <item group="clothes" prob="2.5"/>
            <item group="warmClothes" prob=".75"/>
            <item group="ammo" count="1,2" prob="5"/>
            <item group="ammoSteel" count="5"/>
            <item group="weaponsPistol+ammo" prob="1.5"/>
            <item group="weaponsMagnum+ammo" loot_prob_template="probTemplate0.5"/>
            <item group="weaponsShotgun+ammo" prob="1.5"/>
            <item group="weaponsHuntingRifle+ammo" prob="1"/>
            <item group="weaponsMilitaryGuns+ammo" loot_prob_template="probTemplate1.0"/>
            <item name="meleeToolHuntingKnife" prob="1.5"/>
            <item name="meleeToolMachete" prob="1.5"/>
            <item name="nightvisionGoggles" loot_prob_template="probTemplate0.75"/>
            <item name="casinoCoin" count="10,110" prob="2.5"/>
            <item group="treasureMaps" count="1" prob="0.25"/>
            <item group="questChallenge" count="1" prob="0.25"/>
            <item group="modAllT1" loot_prob_template="probTemplate1.0"/>
            <item group="modAllT2" loot_prob_template="probTemplate0.75"/>
            <item group="modAllT3" loot_prob_template="probTemplate0.5"/>
        </lootcontainer>
        <!-- EntityLootContainerHazmat, rare random drop off strong zombies -->
        <lootcontainer id="127" count="2,3" size="5,10" destroy_on_close="false" sound_open="UseActions/open_backpack" sound_close="UseActions/close_backpack" open_time="1" loot_quality_template="baseTemplate">
            <item group="cannedfood" count="1,2" prob="3.7"/>
            <item name="drinkJarBoiledWater" count="2,5" prob="2.5"/>
            <item group="books" prob="2.5"/>
            <item name="resourceForgedIron" count="1,8" prob="1.25"/>
            <item name="resourceForgedSteel" count="1,8" prob="1.25"/>
            <item name="resourceMilitaryFiber" count="3,6" prob="0.5"/>
            <item group="tools" prob="2.5"/>
            <item group="rareTools" prob=".2"/>
            <item group="hazmatGear" prob="1.25"/>
            <item group="clothes" prob="2.5"/>
            <item group="ammo" count="1,2" prob="5"/>
            <item group="ammoSteel" count="5"/>
            <item group="weaponsPistol+ammo" prob="1.5"/>
            <item group="weaponsMagnum+ammo" loot_prob_template="probTemplate0.5"/>
            <item group="weaponsShotgun+ammo" prob="1.5"/>
            <item group="weaponsHuntingRifle+ammo" prob="1"/>
            <item group="weaponsMilitaryGuns+ammo" loot_prob_template="probTemplate1.0"/>
            <item name="casinoCoin" count="10,110" prob="2.5"/>
            <item name="oldCash" count="20,100" prob="2.5"/>
            <item name="drugHerbalAntibiotics" count="1,3" prob="0.5"/>
            <item group="rareMedicine" prob="0.75"/>
            <item name="drugPainkillers" count="2,3" prob="1.25"/>
            <item name="drugVitamins" count="2,3" prob="1.75"/>
            <item group="treasureMaps" count="1" prob="0.25"/>
            <item group="questChallenge" count="1" prob="0.25"/>
        </lootcontainer>
        <!-- EntityLootContainerNurse, rare random drop off strong zombies -->
        <lootcontainer id="128" count="2,3" size="5,10" destroy_on_close="false" sound_open="UseActions/open_backpack" sound_close="UseActions/close_backpack" open_time="1" loot_quality_template="baseTemplate">
            <item group="cannedfood" count="1,2" prob="3.7"/>
            <item name="drinkJarBoiledWater" count="2,5" prob="2.5"/>
            <item group="books" prob="2.5"/>
            <item group="brassResource" prob="2.5"/>
            <item group="clothes" prob="2.5"/>
            <item group="warmClothes" prob=".75"/>
            <item name="meleeToolHuntingKnife" prob="1.5"/>
            <item name="casinoCoin" count="10,110" prob="2.5"/>
            <item name="oldCash" count="20,100" prob="2.5"/>
            <item name="drugHerbalAntibiotics" count="1,3" prob="0.5"/>
            <item group="rareMedicine" prob="0.75"/>
            <item name="drugPainkillers" count="2,3" prob="1.25"/>
            <item name="drugVitamins" count="2,3" prob="1.75"/>
            <item group="treasureMaps" count="1" prob="0.25"/>
            <item group="questChallenge" count="1" prob="0.25"/>
        </lootcontainer>
        <!-- EntityLootContainerUtility, rare random drop off strong zombies -->
        <lootcontainer id="129" count="2,3" size="5,10" destroy_on_close="false" sound_open="UseActions/open_backpack" sound_close="UseActions/close_backpack" open_time="1" loot_quality_template="baseTemplate">
            <item group="cannedfood" count="1,2" prob="3.7"/>
            <item name="drinkJarBeer" count="1,3" prob="2"/>
            <item name="drinkJarBoiledWater" count="2,5" prob="2.5"/>
            <item group="books" prob="2.5"/>
            <item group="brassResource" prob="2.5"/>
            <item name="resourceForgedIron" count="1,8" prob="1.25"/>
            <item name="resourceForgedSteel" count="1,8" prob="1.25"/>
            <item name="resourceMilitaryFiber" count="3,6" prob="0.5"/>
            <item group="tools" prob="2.5"/>
            <item group="rareTools" prob=".2"/>
            <item group="clothes" prob="2.5"/>
            <item group="warmClothes" prob=".75"/>
            <item name="meleeClubIron" prob="0.5"/>
            <item name="meleeToolHuntingKnife" prob="1.5"/>
            <item name="casinoCoin" count="10,110" prob="2.5"/>
            <item name="oldCash" count="20,100" prob="2.5"/>
            <item group="treasureMaps" count="1" prob="0.25"/>
        </lootcontainer>
    </append>
</Config>