    
<Config>
    <append xpath="/items" >
        <item name="meleeToolPickaxeScrap">
            <property name="Tags" value="melee,medium,tool,perkDeepCuts,perkMotherLode"/>
            <property name="DescriptionKey" value="meleeToolPickaxeScrapDesc"/>
            <property name="DisplayType" value="melee"/>
            <property name="HoldType" value="12"/>
            <property name="Meshfile" value="Items/Tools/pickaxe_ironPrefab"/>
            <property name="CustomIcon" value="meleeToolPickaxeScrap"/>
            <property name="Material" value="Miron_scrap"/>
            <property name="RepairTools" value="resourceScrapIron"/>
            <property name="DegradationBreaksAfter" value="false"/>
            <property name="SoundJammed" value="ItemNeedsRepair"/>
            <property name="SoundDestroy" value="metaldestroy1"/>
            <property name="FuelValue" value="100"/>
            <property name="EconomicValue" value="120"/>
            <property class="Action0">
                <property name="Class" value="DynamicMelee"/>
                <property name="Sphere" value="0.15"/>
                <property name="Sound_start" value="swoosh"/>
                <property name="ToolCategory.harvestingTools" value="1" param1="1"/></property>
            <property class="Action1">
                <property name="Class" value="DynamicMelee"/>
                <property name="Sphere" value="0.15"/>
                <property name="Sound_start" value="swoosh"/>
                <property name="ToolCategory.harvestingTools" value="1" param1="1"/>
                <property name="UsePowerAttackAnimation" value="true"/></property>
            <property name="Group" value="Tools/Traps"/>
            <effect_group name="Base Effects">
                <passive_effect name="MaxRange" operation="base_set" value="2.4"/>
                <passive_effect name="BlockRange" operation="base_set" value="3"/>
                <passive_effect name="EntityDamage" operation="base_set" value="13"/>
                <passive_effect name="BlockDamage" operation="base_set" value="25"/>
                <passive_effect name="AttacksPerMinute" operation="base_set" value="62"/>
                <passive_effect name="DamageModifier" operation="perc_add" value="-.8" tags="wood"/>
                <passive_effect name="DamageModifier" operation="perc_add" value="-.8" tags="earth"/>
                <passive_effect name="DamageModifier" operation="perc_add" value=".45" tags="stone"/>
                <passive_effect name="DamageModifier" operation="perc_add" value=".35" tags="metal"/>
                <passive_effect name="StaminaLoss" operation="base_set" value="15.1" tags="primary"/>
                <passive_effect name="DegradationMax" operation="base_set" value="130,600" tier="1,6"/>
                <passive_effect name="ModSlots" operation="base_set" value="0,5" tier="1,6"/>
                <passive_effect name="ModPowerBonus" operation="perc_add" value=".15" tags="EntityDamage,BlockDamage"/>
                <passive_effect name="ModPowerBonus" operation="base_add" value="200" tags="EconomicValue"/>
            </effect_group>
            <effect_group name="Power Attack">
                <passive_effect name="EntityDamage" operation="perc_add" value="1" tags="secondary"/>
                <passive_effect name="BlockDamage" operation="perc_add" value="1" tags="secondary"/>
                <passive_effect name="AttacksPerMinute" operation="perc_subtract" value="0" tags="secondary"/>
                <passive_effect name="StaminaLoss" operation="base_add" value="30" tags="secondary"/>
                <triggered_effect trigger="onSelfSecondaryActionStart" action="PlaySound" target="self" sound="player1painlg">
                    <requirement name="RandomRoll" seed_type="Random" target="self" min_max="0,100" operation="LTE" value="70"/>
                    <requirement name="IsMale" target="self"/>
                </triggered_effect>
                <triggered_effect trigger="onSelfSecondaryActionStart" action="PlaySound" target="self" sound="player2painlg">
                    <requirement name="RandomRoll" seed_type="Random" target="self" min_max="0,100" operation="LTE" value="70"/>
                    <requirement name="IsMale" target="self" invert="true"/>
                </triggered_effect>
            </effect_group>
            <property name="ActionSkillGroup" value="Mining Tools"/>
            <property name="CraftingSkillGroup" value="craftSkillTools"/>
            <property name="PickupJournalEntry" value="miningTip"/>
            <property name="RepairExpMultiplier" value="5.5"/>
        </item>
        <item name="meleeToolShovelScrap">
            <property name="Tags" value="melee,medium,tool,shovel,perkDeepCuts,perkMotherLode"/>
            <property name="DescriptionKey" value="meleeToolShovelScrapDesc"/>
            <property name="Extends" value="meleeToolShovelStone"/>
            <property name="Meshfile" value="Items/Tools/shovel_ironPrefab"/>
            <property name="CustomIcon" value="meleeToolShovelScrap"/>
            <property name="Material" value="Miron_scrap"/>
            <property name="RepairTools" value="resourceScrapIron"/>
            <property name="FuelValue" value="100"/>
            <property name="EconomicValue" value="120"/>
            <property name="SellableToTrader" value="true"/>
            <effect_group name="Base Effects">
                <passive_effect name="MaxRange" operation="base_set" value="3.4"/>
                <passive_effect name="BlockRange" operation="base_set" value="4"/>
                <passive_effect name="EntityDamage" operation="base_set" value="12"/>
                <passive_effect name="BlockDamage" operation="base_set" value="16"/>
                <passive_effect name="DamageModifier" operation="perc_add" value="-.7" tags="wood"/>
                <passive_effect name="DamageModifier" operation="perc_add" value="-.5" tags="stone"/>
                <passive_effect name="DamageModifier" operation="perc_add" value="-.75" tags="metal"/>
                <passive_effect name="DamageModifier" operation="perc_add" value="1" tags="earth"/>
                <passive_effect name="AttacksPerMinute" operation="base_set" value="50"/>
                <passive_effect name="StaminaLoss" operation="base_set" value="16" tags="primary"/>
                <passive_effect name="DegradationMax" operation="base_set" value="130,600" tier="1,6"/>
                <passive_effect name="ModSlots" operation="base_set" value="0,5" tier="1,6"/>
                <passive_effect name="ModPowerBonus" operation="perc_add" value=".15" tags="EntityDamage,BlockDamage"/>
                <passive_effect name="ModPowerBonus" operation="base_add" value="200" tags="EconomicValue"/>
            </effect_group>
            <effect_group name="Power Attack">
                <passive_effect name="EntityDamage" operation="perc_add" value="1" tags="secondary"/>
                <passive_effect name="BlockDamage" operation="perc_add" value="1" tags="secondary"/>
                <passive_effect name="AttacksPerMinute" operation="perc_add" value="-.3" tags="secondary"/>
                <passive_effect name="StaminaLoss" operation="base_add" value="30" tags="secondary"/>
            </effect_group>
            <property name="Group" value="Tools/Traps"/>
        </item>
        <item name="meleeToolFireaxeScrap">
            <property name="Tags" value="knife,melee,medium,tool,perkDeepCuts,perkMotherLode"/>
            <property name="DescriptionKey" value="meleeToolFireaxeScrapDesc"/>
            <property name="DisplayType" value="melee"/>
            <property name="HoldType" value="17"/>
            <property name="Meshfile" value="Items/Weapons/Melee/Axe/fireaxePrefab"/>
            <property name="CustomIcon" value="meleeToolFireaxeScrap"/>
            <property name="Material" value="Miron_scrap"/>
            <property name="RepairTools" value="resourceScrapIron"/>
            <property name="DegradationBreaksAfter" value="false"/>
            <property name="SoundJammed" value="ItemNeedsRepair"/>
            <property name="FuelValue" value="75"/>
            <property name="EconomicValue" value="120"/>
            <property name="SoundDestroy" value="wooddestroy1"/>
            <property class="Action0">
                <property name="Class" value="DynamicMelee"/>
                <property name="Sphere" value="0.15"/>
                <property name="Sound_start" value="swoosh"/>
                <property name="ToolCategory.harvestingTools" value="1" param1="1"/>
                <property name="ToolCategory.Butcher" value="0" param1="4"/>
                <property name="Sound_harvesting" value="open_animal" param1="organic"/></property>
            <property class="Action1">
                <property name="Class" value="DynamicMelee"/>
                <property name="Sphere" value="0.15"/>
                <property name="Sound_start" value="swoosh"/>
                <property name="ToolCategory.harvestingTools" value="1" param1="1"/>
                <property name="ToolCategory.Butcher" value="0" param1="4"/>
                <property name="Sound_harvesting" value="open_animal" param1="organic"/>
                <property name="UsePowerAttackAnimation" value="true"/></property>
            <effect_group name="Base Effects">
                <passive_effect name="MaxRange" operation="base_set" value="2.9"/>
                <passive_effect name="BlockRange" operation="base_set" value="3.2"/>
                <passive_effect name="EntityDamage" operation="base_set" value="18"/>
                <passive_effect name="BlockDamage" operation="base_set" value="25"/>
                <passive_effect name="HarvestCount" operation="base_set" value=".35" tags="butcherHarvest"/>
                <passive_effect name="DamageModifier" operation="perc_add" value=".45" tags="wood"/>
                <passive_effect name="DamageModifier" operation="perc_add" value="-.75" tags="stone"/>
                <passive_effect name="DamageModifier" operation="perc_add" value="-.8" tags="earth"/>
                <passive_effect name="DamageModifier" operation="perc_add" value="-.75" tags="metal"/>
                <passive_effect name="AttacksPerMinute" operation="base_set" value="60"/>
                <passive_effect name="StaminaLoss" operation="base_set" value="18" tags="primary"/>
                <passive_effect name="DegradationMax" operation="base_set" value="130,600" tier="1,6"/>
                <passive_effect name="ModSlots" operation="base_set" value="0,5" tier="1,6"/>
                <passive_effect name="ModPowerBonus" operation="perc_add" value=".15" tags="EntityDamage,BlockDamage"/>
                <passive_effect name="ModPowerBonus" operation="base_add" value="200" tags="EconomicValue"/>
            </effect_group>
            <effect_group name="Power Attack">
                <passive_effect name="EntityDamage" operation="perc_add" value="1" tags="secondary"/>
                <passive_effect name="BlockDamage" operation="perc_add" value="1" tags="secondary"/>
                <passive_effect name="AttacksPerMinute" operation="perc_add" value="-.3" tags="secondary"/>
                <passive_effect name="StaminaLoss" operation="base_add" value="30" tags="secondary"/>
            </effect_group>
            <triggered_effect trigger="onSelfSecondaryActionStart" action="PlaySound" target="self" sound="player1painlg">
                <requirement name="RandomRoll" seed_type="Random" target="self" min_max="0,100" operation="LTE" value="70"/>
                <requirement name="IsMale" target="self"/>
            </triggered_effect>
            <triggered_effect trigger="onSelfSecondaryActionStart" action="PlaySound" target="self" sound="player2painlg">
                <requirement name="RandomRoll" seed_type="Random" target="self" min_max="0,100" operation="LTE" value="70"/>
                <requirement name="IsMale" target="self" invert="true"/>
            </triggered_effect>
            <property name="Group" value="Tools/Traps"/>
            <property name="ActionSkillGroup" value="Mining Tools"/>
            <property name="CraftingSkillGroup" value="craftSkillTools"/>
            <property name="RepairExpMultiplier" value="5.5"/>
        </item>
        <item name="meleeToolShivScrap">
            <property name="Tags" value="knife,melee,light,weapon,meleeWeapon,perkDeepCuts,perkTheHuntsman"/>
            <property name="DescriptionKey" value="meleeToolShivScrapDesc"/>
            <property name="DisplayType" value="melee"/>
            <property name="HoldType" value="36"/>
            <property name="Meshfile" value="Items/Weapons/Melee/Knives/boneShivPrefab"/>
            <property name="CustomIcon" value="meleeToolShivScrap"/>
            <property name="Material" value="Miron_scrap"/>
            <property name="RepairTools" value="resourceForgedIron"/>
            <property name="DegradationBreaksAfter" value="false"/>
            <property name="FuelValue" value="50"/>
            <property name="EconomicValue" value="100"/>
            <property name="SellableToTrader" value="true"/>
            <property name="SoundJammed" value="ItemNeedsRepair"/>
            <property name="SoundDestroy" value="metaldestroy1"/>
            <property class="Action0">
                <property name="Class" value="DynamicMelee"/>
                <property name="Damage_type" value="Slashing"/>
                <property name="Sphere" value="0.1"/>
                <property name="Sound_start" value="swoosh"/>
                <property name="ToolCategory.harvestingTools" value=".75" param1="1"/>
                <property name="ToolCategory.Butcher" value="0" param1="4"/>
                <property name="Sound_harvesting" value="open_animal" param1="organic"/></property>
            <property class="Action1">
                <property name="Class" value="DynamicMelee"/>
                <property name="Damage_type" value="Slashing"/>
                <property name="Sphere" value="0.1"/>
                <property name="Sound_start" value="swoosh"/>
                <property name="ToolCategory.harvestingTools" value=".75" param1="1"/>
                <property name="ToolCategory.Butcher" value="0" param1="4"/>
                <property name="Sound_harvesting" value="open_animal" param1="organic"/>
                <property name="UsePowerAttackAnimation" value="true"/></property>
            <effect_group name="Base Effects">
                <passive_effect name="MaxRange" operation="base_set" value="2.0"/>
                <passive_effect name="BlockRange" operation="base_set" value="2.5"/>
                <passive_effect name="EntityDamage" operation="base_set" value="10"/>
                <passive_effect name="BlockDamage" operation="base_set" value="2.7"/>
                <passive_effect name="AttacksPerMinute" operation="base_set" value="57"/>
                <passive_effect name="HarvestCount" operation="base_set" value=".5" tags="butcherHarvest"/>
                <passive_effect name="DamageModifier" operation="perc_add" value="0" tags="organic"/>
                <passive_effect name="StaminaLoss" operation="base_set" value="12" tags="primary"/>
                <passive_effect name="DegradationMax" operation="base_set" value="125,300" tier="1,6"/>
                <passive_effect name="ModSlots" operation="base_set" value="0,5" tier="1,6"/>
            </effect_group>
            <effect_group name="Power Attack">
                <passive_effect name="EntityDamage" operation="perc_add" value="1" tags="secondary"/>
                <passive_effect name="BlockDamage" operation="perc_add" value="1" tags="secondary"/>
                <passive_effect name="AttacksPerMinute" operation="perc_subtract" value="0" tags="secondary"/>
                <passive_effect name="StaminaLoss" operation="base_add" value="18" tags="secondary"/>
                <triggered_effect trigger="onSelfSecondaryActionStart" action="PlaySound" target="self" sound="player1painlg">
                    <requirement name="RandomRoll" seed_type="Random" target="self" min_max="0,100" operation="LTE" value="70"/>
                    <requirement name="IsMale" target="self"/>
                </triggered_effect>
                <triggered_effect trigger="onSelfSecondaryActionStart" action="PlaySound" target="self" sound="player2painlg">
                    <requirement name="RandomRoll" seed_type="Random" target="self" min_max="0,100" operation="LTE" value="70"/>
                    <requirement name="IsMale" target="self" invert="true"/>
                </triggered_effect>
            </effect_group>
            <property name="Group" value="Ammo/Weapons"/>
            <property name="ActionSkillGroup" value="Blade Weapons"/>
            <property name="CraftingSkillGroup" value="craftSkillWeapons"/>
            <property name="RepairExpMultiplier" value="5.5"/>
        </item>
    </append>
</Config>