<Config>
    <append xpath="/recipes">
        <recipe name="meleeToolPickaxeScrap" count="1" tags="learnable">
            <ingredient name="resourceScrapIron" count="15"/>
            <ingredient name="resourceWood" count="5"/>
            <ingredient name="resourceYuccaFibers" count="10"/>
        </recipe>
        <recipe name="meleeToolFireaxeScrap" count="1" tags="learnable">
            <ingredient name="resourceScrapIron" count="15"/>
            <ingredient name="resourceWood" count="5"/>
            <ingredient name="resourceYuccaFibers" count="10"/>
        </recipe>
        <recipe name="meleeToolShovelScrap" count="1" tags="learnable">
            <ingredient name="resourceScrapIron" count="15"/>
            <ingredient name="resourceWood" count="5"/>
            <ingredient name="resourceYuccaFibers" count="10"/>
        </recipe>
        <recipe name="meleeToolShivScrap" count="1" tags="learnable">
            <ingredient name="resourceScrapIron" count="3"/>
            <ingredient name="resourceDuctTape" count="1"/>
        </recipe>
    </append>
</Config>