<Config>
    <append xpath="/recipes" >
        <!--SinMod Ammo Dismantle -->
        <recipe name="dismantle9mmBullets" count="1" craft_area="workbench" tags="learnable">
            <ingredient name="ammo9mmBullet" count="10"/>
        </recipe>
        <recipe name="dismantle9mmSteelBullets" count="1" craft_area="workbench" tags="learnable">
            <ingredient name="ammo9mmBulletSteel" count="10"/>
        </recipe>
        <recipe name="dismantle44MagBullets" count="1" craft_area="workbench" tags="learnable">
            <ingredient name="ammo44MagnumBullet" count="10"/>
        </recipe>
        <recipe name="dismantle44MagSteelBullets" count="1" craft_area="workbench" tags="learnable">
            <ingredient name="ammo44MagnumBulletSteel" count="10"/>
        </recipe>
        <recipe name="dismantle762mmFMJBullets" count="1" craft_area="workbench" tags="learnable">
            <ingredient name="ammo762mmBulletFMJ" count="10"/>
        </recipe>
        <recipe name="dismantle762mmFMJSteelBullets" count="1" craft_area="workbench" tags="learnable">
            <ingredient name="ammo762mmBulletFMJSteel" count="10"/>
        </recipe>
        <recipe name="dismantleShotgunShells" count="1" craft_area="workbench" tags="learnable">
            <ingredient name="ammoShotgunShell" count="10"/>
        </recipe>
        <recipe name="dismantleShotgunSlugs" count="1" craft_area="workbench">
            <ingredient name="ammoShotgunSlug" count="10"/>
        </recipe>
    </append>
</Config>